Product ID,total_sales,total_profit
TEC-CO-10004722,61599.824,25199.9280
OFF-BI-10003527,27453.384,7753.039
TEC-MA-10002412,22638.48,-1811.0784
FUR-CH-10002024,21870.576,0.000
OFF-BI-10001359,19823.479,2233.5051
OFF-BI-10000545,19024.500,760.980
TEC-CO-10001449,18839.686,6983.8836
TEC-MA-10001127,18374.895,4094.9766
OFF-BI-10004995,17965.068,-1878.1662
OFF-SU-10000151,17030.312,-262.0048
TEC-MA-10000822,16829.901,-4589.973
OFF-SU-10002881,16656.200,-1299.1836
OFF-BI-10001120,15875.916,3345.2823
FUR-BO-10004834,15610.9656,-669.5448
TEC-MA-10001047,14299.89,3717.9714
TEC-PH-10001459,13943.668,1822.7566
TEC-AC-10002049,13756.536,4425.3432
TEC-PH-10002885,12996.600,1611.5784
FUR-TA-10003473,12995.2915,-327.2331
FUR-CH-10001215,12975.382,951.862
FUR-BO-10002213,12921.643,19.6864
TEC-CO-10003763,11619.834,4570.9347
FUR-CH-10004287,11572.78,1179.374
OFF-AP-10002945,11304.44,3247.0200
TEC-AC-10003832,11203.756,1987.9253
TEC-MA-10000418,11099.963,-8879.9704
OFF-ST-10000078,10925.004,1575.1098
TEC-AC-10003033,10822.36,3085.0325
FUR-CH-10000454,10637.528,1927.442
FUR-TA-10000198,9917.640,-2876.1156
OFF-ST-10003716,9630.856,429.7882
FUR-TA-10001889,9544.725,-1934.3976
TEC-MA-10000488,9279.884,1327.9834
OFF-ST-10004459,9158.296,-825.748
FUR-CH-10003973,9070.944,773.2608
TEC-CO-10001046,8959.872,2799.9600
TEC-CO-10002095,8899.822,3124.9375
TEC-PH-10001817,8878.4,515.52
FUR-CH-10001854,8774.500,1305.6456
FUR-CH-10004063,8665.194,1558.5910
FUR-CH-10004086,8430.997,1388.6348
FUR-TA-10001095,8209.059,-189.9761
OFF-ST-10001490,8138.232,2016.711
TEC-PH-10001530,8111.136,275.3286
OFF-BI-10003925,8070.192,2518.0551
TEC-MA-10004125,7999.98,-3839.9904
OFF-BI-10004600,7985.383,2318.3370
FUR-CH-10003379,7979.440,926.185
TEC-MA-10000984,7834.4,881.37
OFF-ST-10003208,7730.196,1932.5490
TEC-MA-10003979,7699.89,3772.9461
TEC-PH-10004165,7699.720,780.9716
FUR-CH-10002331,7582.374,832.9932
FUR-BO-10002545,7539.7122,780.3302
OFF-ST-10001780,7515.524,1114.3708
TEC-PH-10002200,7437.886,353.7884
FUR-TA-10003954,7404.500,-681.2140
TEC-AC-10004145,7399.704,1432.4427
FUR-TA-10000577,7242.7680,-532.7613
TEC-PH-10000560,7139.796,83.9976
TEC-MA-10000045,6965.7,3343.536
FUR-TA-10002958,6942.068,-856.0144
FUR-CH-10002335,6936.102,1233.0848
TEC-PH-10001795,6935.862,1056.3827
OFF-AP-10002651,6832.908,460.3527
OFF-ST-10003470,6819.312,181.662
OFF-BI-10003650,6785.142,494.4212
FUR-TA-10003569,6776.562,461.127
FUR-CH-10004997,6748.482,281.970
OFF-ST-10001496,6594.954,1261.3300
FUR-CH-10000015,6584.64,814.416
OFF-ST-10002615,6574.544,1640.5348
FUR-TA-10001950,6518.754,-1201.0581
FUR-CH-10002320,6483.796,1540.704
FUR-CH-10004495,6410.874,854.7832
TEC-CO-10004115,6399.872,2064.9587
TEC-PH-10000895,6227.654,899.9500
TEC-PH-10002584,6134.702,438.193
TEC-PH-10002624,6109.870,1104.4765
FUR-CH-10000309,6084.144,697.1415
FUR-CH-10000785,6008.536,785.4532
TEC-CO-10002313,5999.90,1973.9671
FUR-CH-10002965,5989.204,267.3034
FUR-TA-10004575,5965.090,-238.6036
OFF-AP-10000275,5906.52,1653.8256
FUR-CH-10003746,5906.032,1052.8144
FUR-CH-10001394,5861.533,701.980
FUR-TA-10004915,5801.816,-66.8272
TEC-MA-10004002,5787.355,509.7120
OFF-ST-10001526,5751.774,1388.6082
FUR-CH-10000595,5697.76,870.16
TEC-CO-10001766,5669.874,2092.4535
FUR-TA-10004256,5634.90,-964.194
TEC-AC-10003870,5609.83,2243.932
OFF-ST-10000142,5572.792,1380.7216
OFF-BI-10004632,5535.593,-246.0675
FUR-BO-10001811,5492.8850,15.0490
FUR-CH-10002880,5436.158,-474.7414
FUR-CH-10002073,5427.990,1292.1264
TEC-PH-10004586,5327.26,1043.855
FUR-CH-10000988,5294.456,833.5952
TEC-PH-10004977,5291.730,838.8372
FUR-CH-10003312,5282.424,-989.0496
FUR-CH-10004675,5212.112,972.6368
TEC-MA-10001148,5204.241,-882.1188
FUR-BO-10002613,5184.081,-126.441
TEC-AC-10001838,5119.744,2155.8922
FUR-TA-10001932,5098.176,-404.0064
OFF-AP-10003849,5009.480,715.640
TEC-PH-10000984,4978.146,1168.1004
FUR-TA-10001539,4952.673,-450.2430
TEC-PH-10001363,4901.914,512.991
FUR-BO-10004695,4886.460,566.4674
TEC-CO-10004202,4859.838,1154.9615
OFF-ST-10001932,4829.25,509.9688
OFF-ST-10002011,4778.766,1106.6616
FUR-CH-10000513,4770.633,-197.5848
OFF-ST-10002743,4704.696,-470.4696
FUR-CH-10000847,4626.582,750.7284
FUR-CH-10002602,4619.988,486.1556
TEC-PH-10001494,4619.23,896.8505
OFF-ST-10003306,4600.092,1252.8822
FUR-TA-10002903,4544.925,-192.1854
OFF-ST-10001809,4509.466,-332.3710
OFF-ST-10000689,4479.03,388.746
OFF-AP-10001058,4476.960,956.9502
FUR-TA-10004154,4446.175,-1147.400
TEC-PH-10003012,4434.912,936.2592
FUR-CH-10003981,4420.056,41.1168
TEC-CO-10001571,4399.920,1649.970
OFF-ST-10002756,4384.044,-36.5337
FUR-TA-10000617,4334.8275,430.0695
FUR-TA-10003748,4332.252,448.1640
OFF-BI-10003091,4322.814,1592.4978
FUR-TA-10003238,4297.644,-611.5878
TEC-MA-10000864,4268,466.4
TEC-PH-10004094,4211.730,467.9700
OFF-BI-10004390,4209.800,1052.450
TEC-CO-10000971,4199.860,839.972
OFF-ST-10002574,4199.456,-635.444
FUR-CH-10004983,4185.480,342.8874
OFF-BI-10003656,4181.754,693.5592
TEC-PH-10002496,4180.532,904.742
FUR-CH-10003774,4166.884,-503.1194
TEC-CO-10001943,4119.794,1469.9265
TEC-PH-10004539,4044.386,733.2812
OFF-ST-10000046,4006.44,473.3415
TEC-PH-10000730,3999.92,1039.9792
TEC-AC-10002842,3998.4,499.80
TEC-MA-10002927,3991.98,1995.99
FUR-CH-10001708,3989.734,425.7596
TEC-PH-10001578,3968.51,518.3360
FUR-TA-10001768,3963.901,-598.5228
TEC-CO-10003236,3959.934,1691.9718
FUR-CH-10000665,3955.676,573.724
OFF-ST-10003816,3946.656,419.3322
FUR-FU-10000576,3861.056,289.5792
OFF-AP-10003057,3855.18,1503.5202
TEC-PH-10002549,3839.620,162.6192
TEC-PH-10002834,3815.788,710.9605
FUR-TA-10004619,3775.647,541.654
TEC-AC-10002637,3743.792,21.5988
FUR-TA-10001307,3739.115,608.043
TEC-PH-10003645,3684.708,575.3316
FUR-CH-10003298,3680.538,-491.1750
TEC-PH-10002415,3657.38,339.1925
FUR-CH-10002647,3641.274,234.234
FUR-BO-10004218,3626.0056,-208.6504
TEC-PH-10004447,3613.740,425.3094
FUR-TA-10001771,3603.288,311.823
TEC-PH-10001557,3590.026,576.8999
FUR-TA-10003392,3540.348,354.0348
OFF-ST-10003805,3537.24,536.9025
FUR-CH-10000155,3528.79,514.366
OFF-AP-10000828,3511.012,383.6776
FUR-TA-10002645,3481.515,-295.8150
FUR-TA-10002530,3457.442,-392.548
FUR-BO-10003404,3447.84,206.8704
FUR-BO-10003272,3420.7704,-755.7516
TEC-PH-10003505,3415.04,384.192
TEC-MA-10003673,3404.5,1668.205
FUR-TA-10001705,3401.60,210.474
OFF-ST-10000025,3397.308,78.2526
FUR-TA-10000688,3354.890,100.2110
OFF-LA-10003930,3322.878,1517.9064
FUR-BO-10004015,3317.7235,135.5887
FUR-FU-10001468,3317.012,-530.038
FUR-TA-10004534,3253.22,-164.720
OFF-BI-10004318,3234.913,1086.3772
OFF-BI-10004584,3222.996,-461.3308
TEC-MA-10001972,3210.8,111.68
OFF-ST-10001097,3178.13,-167.27
TEC-PH-10002310,3168.606,581.6466
TEC-PH-10002103,3158.064,654.1704
FUR-CH-10004218,3150.576,499.851
FUR-TA-10003715,3140.550,-401.9904
OFF-ST-10000585,3138.80,693.840
TEC-PH-10003691,3099.354,548.0565
TEC-PH-10003072,3059.796,1147.4235
OFF-AP-10003590,3051.30,697.44
TEC-PH-10001336,3044.164,571.4257
TEC-MA-10000010,3040,1459.2
OFF-AP-10002684,3039.500,401.214
OFF-ST-10000991,3035.208,24.1437
OFF-ST-10000736,3028.652,-3.2392
OFF-SU-10000157,2982.750,-57.2688
FUR-TA-10001086,2979.004,54.7164
FUR-BO-10001337,2970.059,-78.637
FUR-CH-10004853,2959.208,493.7046
OFF-BI-10004519,2954.444,489.641
FUR-BO-10000780,2946.3668,-767.7436
OFF-AP-10002534,2946.200,-872.0752
FUR-CH-10000863,2913.914,-445.3910
TEC-PH-10002922,2906.628,422.475
FUR-BO-10004357,2904.161,-170.833
OFF-AP-10002518,2883.276,229.5942
TEC-AC-10002001,2879.820,763.1523
TEC-PH-10001760,2865.6,967.14
FUR-FU-10003664,2863.80,627.1722
FUR-TA-10003008,2847.780,-328.5900
OFF-SU-10000646,2836.366,-427.8586
TEC-AC-10001908,2799.720,719.9280
OFF-PA-10000994,2789.01,1262.394
FUR-TA-10001039,2764.257,-226.1274
FUR-FU-10004306,2759.06,314.766
TEC-AC-10004666,2755.40,1184.8220
TEC-PH-10000441,2746.582,478.7620
TEC-PH-10002555,2744.87,253.771
FUR-BO-10001972,2740.197,-975.0988
OFF-ST-10001128,2730.108,-68.8076
OFF-AP-10002118,2706.080,578.6848
FUR-CH-10002084,2705.780,499.3394
FUR-FU-10002937,2699.056,1260.221
FUR-TA-10002041,2671.421,-519.9410
TEC-AC-10002253,2659.84,398.976
FUR-CH-10000422,2647.809,49.1346
TEC-PH-10004667,2645.804,83.6938
OFF-SU-10003505,2641.608,0.000
TEC-PH-10000526,2630.126,418.5164
TEC-AC-10003911,2623.836,723.1548
TEC-AC-10004171,2619.738,995.9004
OFF-ST-10000060,2612.196,153.3528
TEC-PH-10001128,2609.826,341.9772
FUR-CH-10002126,2586.188,-48.7960
OFF-ST-10004186,2552.54,51.0508
FUR-TA-10002356,2542.467,-445.5870
TEC-MA-10002428,2541.836,1092.6795
TEC-MA-10003353,2519.958,-251.9958
OFF-ST-10004123,2511.048,-218.352
OFF-AP-10000891,2491.280,563.816
OFF-AP-10004487,2488.392,380.5776
FUR-BO-10002916,2487.759,410.3520
OFF-ST-10001370,2484.300,-78.078
TEC-PH-10001944,2481.15,540.015
TEC-AC-10003198,2450.16,630.468
FUR-CH-10001146,2442.024,117.4863
TEC-MA-10000112,2396.4,179.73
FUR-CH-10004289,2389.902,0.0000
FUR-CH-10001270,2389.125,336.375
TEC-AC-10000844,2362.722,676.5204
TEC-MA-10002073,2339.982,-467.9964
TEC-AC-10004571,2339.766,889.9110
TEC-MA-10004679,2330.65,-785.762
OFF-ST-10004340,2300.660,485.0040
OFF-ST-10001522,2299.750,-172.9412
FUR-TA-10001520,2298.114,-12.1329
FUR-TA-10002855,2297.538,100.9746
TEC-PH-10002114,2279.96,592.7896
FUR-FU-10001488,2267.972,148.372
OFF-BI-10001718,2264.892,569.4220
TEC-PH-10003580,2252.432,-119.1190
TEC-AC-10003174,2242.032,754.530
FUR-TA-10002533,2241.8675,-795.9725
TEC-PH-10000486,2227.008,250.5384
TEC-PH-10002033,2221.596,324.6948
OFF-AP-10000938,2221.560,476.6256
FUR-CH-10000749,2207.956,231.6544
FUR-CH-10003817,2204.862,245.997
FUR-CH-10001482,2200.464,-130.9800
FUR-FU-10004665,2191.68,569.8368
FUR-CH-10004477,2185.951,283.7474
OFF-PA-10001970,2167.348,1006.4352
TEC-PH-10003811,2159.820,259.1784
TEC-AC-10002402,2159.730,479.940
TEC-AC-10003095,2157.834,699.3462
TEC-PH-10002680,2155.902,153.993
FUR-BO-10000362,2154.348,311.1836
OFF-PA-10000357,2141.634,947.5260
FUR-TA-10002607,2140.878,-479.2164
TEC-PH-10002275,2116.688,211.6688
TEC-AC-10000990,2098.88,881.5296
FUR-TA-10002774,2096.168,-206.5342
OFF-BI-10002026,2068.822,349.6332
FUR-FU-10002298,2064.228,-173.1288
TEC-PH-10004345,2063.14,299.875
FUR-FU-10003806,2058.496,-529.76
TEC-PH-10000369,2041.038,317.4948
FUR-TA-10004607,2040.054,-115.3074
FUR-TA-10002228,2033.496,-456.7032
FUR-CH-10000229,2032.350,-460.6660
TEC-PH-10000038,2027.304,-339.7104
TEC-PH-10001835,2022.272,872.1048
TEC-PH-10002824,2018.702,10.2995
TEC-PH-10003484,2015.840,314.9750
OFF-AP-10000576,2010.852,376.4874
TEC-AC-10002567,1999.750,515.1356
TEC-PH-10002563,1990.642,312.4552
TEC-PH-10003601,1979.88,593.964
OFF-ST-10001511,1952.43,-74.3475
FUR-CH-10004626,1947.177,413.6490
OFF-AP-10001394,1946.7,374.22
TEC-PH-10000576,1945.258,145.2094
TEC-PH-10002447,1936.306,473.7770
TEC-AC-10004659,1926.936,408.7440
TEC-PH-10001580,1916.716,241.6142
TEC-AC-10004975,1913.13,587.1330
FUR-BO-10003034,1912.308,-68.1096
FUR-BO-10003159,1909.8178,-78.1864
TEC-PH-10001079,1903.840,276.0568
FUR-BO-10004467,1897.8102,-612.9387
FUR-CH-10003833,1890.380,-131.107
TEC-AC-10000892,1890,622.8
OFF-PA-10004359,1887.30,851.382
TEC-PH-10002660,1876.524,397.7415
OFF-ST-10000036,1857.252,414.9180
FUR-CH-10003199,1842.268,155.3720
FUR-FU-10004864,1834.812,436.4379
FUR-CH-10004698,1830.148,80.9800
TEC-PH-10001619,1803.108,411.5790
TEC-AC-10001606,1799.820,497.9502
FUR-TA-10004086,1788.384,-22.3548
OFF-PA-10000418,1782.45,746.532
OFF-AP-10001205,1776.048,207.0240
FUR-CH-10001973,1775.680,-228.6188
FUR-CH-10004886,1775.075,117.059
TEC-PH-10003963,1771.514,94.7554
FUR-CH-10003396,1770.540,-216.3138
OFF-ST-10001963,1764.534,-6.0846
OFF-AP-10001005,1761.76,549.7635
FUR-CH-10000225,1757.266,-166.009
FUR-CH-10004860,1746.954,-246.3912
OFF-PA-10003395,1740.51,704.592
TEC-PH-10003273,1738.662,340.1730
TEC-PH-10001254,1727.064,129.5298
TEC-AC-10001142,1722.2,15.8
OFF-ST-10002292,1706.508,222.588
FUR-TA-10004289,1706.250,-1148.4375
TEC-AC-10001990,1703.716,357.5404
OFF-PA-10000100,1696.986,756.2655
TEC-AC-10000474,1690.822,360.962
FUR-CH-10001714,1689.968,-114.6764
FUR-CH-10001545,1686.904,-36.4736
FUR-FU-10000277,1685.440,244.3888
TEC-PH-10004042,1685.294,273.4628
TEC-PH-10001299,1679.888,59.9960
OFF-AP-10002457,1674.40,146.5100
TEC-PH-10004908,1665.804,178.479
FUR-BO-10003965,1646.9180,-285.9484
TEC-AC-10001432,1641.15,722.106
OFF-ST-10002344,1635.796,-110.1328
TEC-PH-10002483,1631.952,142.7958
FUR-FU-10003601,1623.248,-343.0956
TEC-MA-10003356,1619.82,-22.4975
TEC-AC-10002800,1619.676,514.8970
OFF-AR-10000380,1617.948,448.164
TEC-AC-10000736,1615.798,540.7324
TEC-PH-10004614,1614.6,165.60
FUR-CH-10002439,1589.406,253.8392
TEC-PH-10004120,1589.084,271.2402
TEC-PH-10001425,1583.802,201.5748
FUR-FU-10000308,1579.372,318.3616
TEC-AC-10004469,1574.03,634.406
OFF-BI-10001071,1573.908,562.3842
FUR-BO-10001608,1570.0776,-26.9724
OFF-PA-10000675,1565.818,729.6220
OFF-EN-10000056,1555.750,632.2568
FUR-FU-10003192,1545.816,362.4672
TEC-PH-10004536,1538.886,323.9760
OFF-AP-10003217,1524.532,53.0272
FUR-CH-10004875,1501.898,254.8244
TEC-PH-10002645,1499.97,-374.9925
TEC-AC-10002076,1497.000,20.958
TEC-AC-10000109,1489.334,255.3144
FUR-BO-10003546,1474.308,-191.862
FUR-BO-10003441,1473.2982,73.7154
OFF-AP-10003779,1473.108,311.220
FUR-FU-10003394,1469.160,-40.5768
TEC-PH-10002468,1468.692,178.1469
OFF-ST-10001272,1465.744,287.9140
FUR-CH-10003061,1448.839,63.8929
OFF-ST-10004337,1445.264,-24.496
TEC-PH-10004241,1439.968,143.9968
FUR-FU-10004848,1438.132,235.1407
FUR-CH-10002961,1437.484,54.588
FUR-TA-10002622,1436.232,-143.6232
OFF-PA-10001033,1434.650,619.3589
FUR-FU-10000293,1431.944,46.3276
FUR-BO-10003966,1427.683,-8.5490
FUR-BO-10004709,1426.8878,-20.2930
OFF-ST-10000563,1426.308,-12.792
FUR-CH-10001891,1420.504,229.3922
TEC-AC-10002926,1409.718,554.8890
TEC-AC-10003628,1409.530,536.2212
OFF-ST-10004804,1400.256,-179.6652
TEC-AC-10000420,1399.80,429.7386
FUR-CH-10003535,1396.442,-20.7332
TEC-MA-10003626,1396.21,139.621
TEC-PH-10002352,1394.95,362.687
TEC-MA-10002178,1391.4,-55.656
TEC-PH-10004434,1386.69,228.3960
TEC-PH-10001750,1385.790,229.6452
OFF-AP-10002311,1383.081,381.2074
TEC-MA-10004212,1379.92,648.5624
FUR-BO-10003893,1368.262,-103.482
OFF-ST-10003656,1363.058,-126.7068
TEC-MA-10003230,1362.9,-19.47
OFF-EN-10003001,1360.476,559.3068
OFF-EN-10002230,1359.666,514.4909
TEC-MA-10003183,1343.916,463.971
FUR-CH-10003968,1341.522,-32.6508
TEC-PH-10001061,1339.866,229.9770
TEC-PH-10002890,1339.104,167.3880
FUR-FU-10004188,1329.9,345.774
FUR-FU-10003708,1322.17,172.2460
OFF-PA-10001878,1320.570,542.9010
FUR-BO-10002598,1320.228,362.7078
OFF-AP-10000179,1320.166,417.0244
FUR-CH-10002372,1311.876,-42.1096
TEC-PH-10004389,1310.296,284.7374
FUR-FU-10003773,1304.128,-111.3280
FUR-TA-10004175,1296.028,-177.3512
OFF-BI-10002867,1291.248,451.9368
OFF-ST-10000129,1287.948,48.8532
TEC-MA-10004241,1286.85,360.318
TEC-PH-10001305,1283.538,154.8084
OFF-ST-10002554,1281.442,-108.5802
OFF-PA-10001289,1279.080,547.6788
FUR-FU-10004071,1268.922,106.0902
FUR-CH-10002758,1268.696,73.194
OFF-EN-10003296,1266.72,570.024
FUR-FU-10004017,1264.582,222.875
FUR-BO-10001798,1263.957,-56.3214
TEC-PH-10001809,1259.58,134.9550
TEC-AC-10001539,1247.844,377.5528
OFF-AP-10000026,1243.788,74.9931
FUR-CH-10003846,1242.054,139.3524
OFF-ST-10001837,1240.040,259.1256
OFF-LA-10003510,1233.412,524.5054
TEC-AC-10002473,1231.692,411.2262
FUR-TA-10004147,1231.560,96.2856
TEC-PH-10003437,1229.836,127.483
TEC-AC-10001314,1229.754,-11.9976
OFF-PA-10003228,1222.75,574.6925
TEC-PH-10000673,1221.812,376.9420
OFF-BI-10000632,1219.821,329.0478
OFF-BI-10001597,1217.106,215.5548
TEC-MA-10002210,1212.705,-1057.2300
OFF-AP-10001242,1207.200,80.480
FUR-FU-10002918,1200.936,-256.5636
OFF-ST-10002974,1193.818,278.848
OFF-ST-10001469,1187.560,-30.2288
FUR-FU-10000965,1184.232,448.7616
TEC-AC-10001465,1184.032,319.616
OFF-BI-10003718,1180.704,413.2464
OFF-AR-10002135,1166.44,310.890
TEC-PH-10000455,1159.90,336.3710
TEC-AC-10001552,1154.664,47.2815
TEC-PH-10002789,1154.326,-212.1464
TEC-AC-10003610,1139.81,515.9140
TEC-PH-10001700,1135.028,75.2286
OFF-ST-10000675,1125.148,260.9530
TEC-PH-10001051,1119.888,125.9874
TEC-PH-10002170,1119.840,162.3768
FUR-BO-10001519,1119.195,147.0942
FUR-FU-10004091,1117.428,322.9506
OFF-ST-10000532,1115.920,233.1888
FUR-FU-10000723,1115.640,-125.1996
FUR-FU-10001979,1114.384,288.4288
OFF-AR-10002671,1113.024,111.3024
TEC-PH-10002726,1112.788,430.418
TEC-AC-10004353,1108.8,275.31
OFF-PA-10000474,1105.728,467.0992
OFF-PA-10001125,1102.888,404.289
OFF-BI-10000977,1100.48,328.928
OFF-BI-10004593,1100.40,138.336
OFF-PA-10003302,1098.640,497.5776
OFF-PA-10004071,1098.504,492.6624
OFF-PA-10000806,1097.208,526.2120
OFF-BI-10004224,1089.936,-242.208
FUR-TA-10004152,1088.64,-104.832
FUR-CH-10001190,1087.920,-149.5890
TEC-AC-10004568,1086.012,156.4641
TEC-PH-10004922,1085.238,130.6305
OFF-BI-10002735,1073.903,364.7153
OFF-AP-10001293,1073.676,188.5080
OFF-ST-10001418,1073.248,-121.9600
OFF-AR-10001953,1073.112,206.2662
OFF-ST-10000877,1072.626,254.3340
FUR-BO-10004690,1072.344,-78.3636
TEC-PH-10002398,1070.304,133.788
FUR-BO-10000330,1064.624,24.1960
OFF-ST-10003692,1053.032,151.6595
OFF-ST-10003282,1051.776,277.2864
FUR-FU-10002253,1047.736,340.5142
OFF-AP-10004540,1042.08,291.7824
TEC-PH-10004531,1041.810,153.3092
OFF-BI-10002082,1041.664,259.584
FUR-TA-10003469,1040.625,-357.975
TEC-AC-10000580,1039.870,43.1946
TEC-MA-10004552,1035.8,269.308
TEC-MA-10003176,1029.6,115.83
OFF-AP-10001564,1023.352,-9.3032
OFF-PA-10000482,1016.792,453.7624
FUR-BO-10001918,1014.174,-418.5480
TEC-MA-10002937,1007.979,43.1991
TEC-AC-10002942,1007.4,33.81
FUR-TA-10000849,1007.262,-586.8396
OFF-PA-10002377,1004.652,415.284
FUR-FU-10004904,1002.936,-267.4496
FUR-FU-10000747,1002.364,124.6058
TEC-PH-10001918,1000.728,100.0728
OFF-ST-10000604,980.232,198.132
OFF-PA-10003641,970.784,400.9760
FUR-CH-10003761,969.252,204.3288
FUR-CH-10001802,967.840,12.0980
OFF-PA-10001815,960.80,461.1840
OFF-PA-10001497,956.304,423.7416
OFF-ST-10001713,953.820,-63.5880
OFF-AP-10001563,952.168,55.3812
FUR-FU-10003553,949.026,247.572
OFF-AP-10001271,948.228,241.1354
OFF-EN-10001453,939.092,421.9816
OFF-AP-10003287,937.848,130.4832
OFF-ST-10001476,937.464,185.7173
FUR-BO-10001601,935.1972,-125.7408
OFF-AP-10002578,929.480,169.2632
TEC-AC-10001767,927.768,37.9905
FUR-CH-10003956,922.740,-133.4424
FUR-TA-10004442,917.92,-415.9325
TEC-MA-10002859,917.898,393.2563
TEC-PH-10003885,910.662,207.8685
TEC-PH-10000215,908.70,219.8355
TEC-PH-10002262,904.552,133.3024
FUR-CH-10002304,901.506,44.166
OFF-BI-10001670,901.03,147.03
TEC-AC-10000158,899.750,132.0833
OFF-ST-10003442,899.304,197.3944
TEC-AC-10000358,888.966,196.0284
TEC-AC-10002323,884.00,38.012
TEC-PH-10001433,882.102,58.4649
FUR-CH-10001797,881.192,170.8512
OFF-PA-10002254,881.092,354.0196
OFF-PA-10003039,879.832,334.584
OFF-AR-10003373,873.636,149.9432
OFF-ST-10003479,872.256,-52.569
OFF-AP-10004708,867.768,57.0900
FUR-FU-10001290,867.26,266.072
OFF-PA-10001144,865.488,375.0448
OFF-ST-10003123,858.882,201.0716
FUR-BO-10004409,858.858,-9.9372
OFF-PA-10000062,857.376,380.8728
FUR-BO-10000711,851.76,229.9752
OFF-ST-10003994,849.312,-47.184
TEC-PH-10004093,846.216,95.1993
TEC-PH-10002115,844.672,112.1830
OFF-BI-10001543,842.166,280.7220
FUR-FU-10001473,839.676,176.3247
OFF-BI-10002133,834.60,-82.176
TEC-PH-10003555,832.238,-91.5002
FUR-TA-10001857,828.0965,-216.2545
OFF-ST-10002790,827.12,-104.1285
FUR-BO-10000112,825.174,-117.882
OFF-AP-10002439,823.252,-17.0328
FUR-FU-10001185,822.738,311.7744
FUR-CH-10004540,815.864,15.0832
OFF-AP-10001391,812.16,235.5264
TEC-PH-10002538,803.692,157.7056
FUR-CH-10004754,803.464,125.0166
FUR-BO-10003894,802.074,106.470
TEC-AC-10001714,789.822,211.8159
FUR-FU-10003930,786.900,147.9372
OFF-EN-10003055,783.608,299.850
OFF-BI-10001524,780.456,49.5128
TEC-PH-10003931,779.870,14.9975
TEC-AC-10004510,778.736,42.536
FUR-FU-10003268,775.612,135.932
TEC-AC-10001109,773.742,286.7044
OFF-AP-10000240,770.112,162.5792
OFF-PA-10000157,767.232,354.2454
FUR-CH-10002774,764.700,76.9798
FUR-FU-10002116,763.668,-222.7365
TEC-AC-10003023,759.936,78.3684
OFF-AP-10001469,759.122,166.8400
OFF-PA-10002581,755.912,244.742
FUR-BO-10002268,754.7336,-294.7672
OFF-BI-10001989,753.182,284.0692
TEC-PH-10002085,752.286,68.6296
FUR-BO-10002824,748.8608,24.1568
TEC-PH-10001819,746.834,302.3328
TEC-PH-10003171,746.17,163.618
OFF-PA-10003892,743.432,328.6752
TEC-PH-10002923,739.800,64.7325
OFF-AP-10002191,737.754,89.9700
FUR-BO-10003660,729.234,48.6156
TEC-PH-10003174,727.944,90.993
FUR-BO-10000468,723.842,-133.1092
TEC-MA-10001681,723.51,-506.457
OFF-PA-10001954,721.744,314.7352
TEC-AC-10001772,718.65,280.2735
TEC-PH-10001198,709.92,79.8660
OFF-ST-10003058,709.50,205.7550
TEC-AC-10000865,708,120.36
FUR-CH-10003606,705.320,151.3232
OFF-AR-10004022,705.208,111.538
OFF-BI-10003984,704.691,39.3714
TEC-MA-10001695,703.71,-938.28
FUR-FU-10004845,702.44,123.96
TEC-PH-10001924,699.900,17.4975
OFF-BI-10003007,698.040,90.7452
FUR-CH-10002044,694.194,-158.4858
OFF-AP-10003842,693.952,143.7472
TEC-PH-10002564,689.770,122.959
TEC-PH-10000562,688.138,-31.0772
FUR-CH-10000553,685.588,115.7354
OFF-PA-10003129,684.74,321.8278
OFF-ST-10002276,683.552,120.872
FUR-FU-10001215,681.454,256.1922
FUR-FU-10004973,678.240,120.9528
OFF-AP-10002734,675.12,290.3016
FUR-FU-10004006,673.87,72.0785
OFF-AR-10004010,671.808,153.9560
OFF-BI-10004492,669.496,234.3236
OFF-BI-10003364,667.993,182.6042
OFF-AP-10003040,665.676,43.7060
OFF-AP-10002867,664.832,-78.0160
OFF-BI-10004330,661.942,-9.245
OFF-BI-10000666,653.984,210.864
FUR-TA-10001676,653.121,-148.3962
OFF-ST-10004950,652.624,39.8392
OFF-PA-10001357,651.44,302.728
FUR-BO-10003450,649.376,-97.4064
TEC-MA-10001856,649,-272.58
OFF-AP-10001124,647.84,168.4384
OFF-LA-10002762,639.03,300.3441
FUR-TA-10004767,638.820,34.0704
FUR-FU-10001876,636.608,179.2896
OFF-EN-10001434,632.52,309.9348
TEC-AC-10003590,626.538,212.2980
TEC-PH-10004080,625.508,-10.8784
OFF-PA-10001736,623.744,285.6464
TEC-AC-10002550,619.416,9.1485
OFF-AR-10001044,618.562,120.3337
TEC-PH-10001527,618.48,-6.4425
OFF-PA-10004039,615.780,273.1824
OFF-PA-10004475,615.552,279.1968
OFF-ST-10000943,614.058,127.4460
OFF-ST-10000777,611.712,149.5296
OFF-BI-10002854,611.054,106.514
OFF-EN-10002831,610.98,274.941
TEC-PH-10003092,607.068,-13.3371
TEC-PH-10002597,604.752,132.2895
OFF-PA-10004327,603.54,279.736
FUR-CH-10002780,600.468,47.3096
TEC-MA-10004626,600,218.4
TEC-PH-10001448,599.880,-23.9952
OFF-ST-10000934,598.308,-57.372
TEC-MA-10003674,597.132,49.761
OFF-PA-10002923,597.068,278.958
TEC-PH-10003357,596.622,45.8940
OFF-PA-10002222,593.84,260.8328
TEC-AC-10001114,591.852,183.9540
TEC-PH-10000675,590.328,44.2746
OFF-PA-10001790,586.088,236.3568
OFF-BI-10003982,583.637,55.2482
TEC-AC-10000991,582.676,57.3278
OFF-ST-10000676,581.58,-56.2194
FUR-FU-10001986,581.172,81.568
TEC-MA-10001016,575.82,67.1790
OFF-PA-10003790,575.568,254.8944
FUR-FU-10004748,575.46,107.4192
OFF-LA-10001474,573.964,244.2400
OFF-AR-10002240,573.648,126.8064
OFF-PA-10002319,573.648,257.3664
TEC-PH-10000011,571.714,218.2908
TEC-AC-10004595,571.2,119.952
OFF-EN-10002504,570.780,225.0504
OFF-BI-10003876,569.24,162.64
OFF-AR-10003903,565.386,140.9368
TEC-AC-10003280,563.812,66.2779
FUR-FU-10003975,563.03,56.303
OFF-AP-10000159,558.740,101.0030
TEC-AC-10000057,557.814,107.6641
TEC-AC-10002006,556.452,126.1611
OFF-BI-10001765,554.240,157.9584
OFF-EN-10000927,552.706,177.6555
TEC-AC-10001874,551.908,89.985
FUR-FU-10002759,551.448,91.1088
TEC-AC-10004901,549.890,120.9758
OFF-AP-10004336,546.816,61.5168
FUR-FU-10001602,546.192,17.4478
TEC-PH-10001468,546.06,163.818
OFF-BI-10002794,545.034,85.2384
TEC-AC-10003399,543.60,228.3120
OFF-PA-10001019,543.456,204.5952
TEC-PH-10001552,542.984,95.2016
FUR-BO-10002853,540.804,-12.291
OFF-PA-10003656,538.152,239.0028
TEC-AC-10003116,536.05,189.5700
FUR-FU-10004018,536.04,144.7308
OFF-AR-10004602,533.368,119.5480
TEC-AC-10001013,533.078,160.2163
OFF-BI-10003684,532.158,48.378
FUR-FU-10003535,531.948,192.2142
OFF-AR-10002067,531.712,135.3088
OFF-PA-10004353,527.472,236.5632
OFF-BI-10002429,526.612,-201.5128
OFF-AR-10003582,523.59,118.230
OFF-ST-10003641,520.08,-20.488
FUR-TA-10001866,519.941,-39.4438
OFF-ST-10000636,518.94,4.6872
OFF-ST-10001321,518.112,124.1310
OFF-LA-10003923,518.00,244.20
OFF-ST-10001590,517.632,118.6240
OFF-PA-10002120,516.624,236.3280
TEC-PH-10004912,516.53,87.3705
OFF-AP-10002350,516.216,122.8368
TEC-PH-10004896,515.828,83.9720
OFF-AP-10001154,515.79,201.1581
FUR-FU-10004952,514.556,23.5382
FUR-FU-10000758,513.712,123.9264
OFF-PA-10000176,512.190,216.2580
OFF-AR-10001955,511.872,123.008
FUR-FU-10003623,508.728,99.5808
TEC-MA-10001031,506.28,177.198
OFF-BI-10001510,504.240,88.242
TEC-AC-10002335,503.856,50.3856
TEC-AC-10000023,503.28,181.1808
OFF-PA-10003823,501.876,195.174
OFF-PA-10000659,501.392,221.8404
FUR-FU-10003039,500.308,101.7868
TEC-AC-10003289,499.750,99.5502
OFF-PA-10003134,499.616,199.8464
TEC-PH-10000193,496.584,88.2816
OFF-AR-10004042,496.248,113.2740
OFF-BI-10000778,496.018,-411.332
TEC-PH-10000439,495.876,69.9825
TEC-AC-10002600,495.6,16.107
TEC-AC-10000927,491.836,32.989
TEC-PH-10003095,491.68,195.355
OFF-PA-10000167,489.484,182.782
FUR-BO-10004360,489.3792,-70.8312
OFF-EN-10004483,488.904,223.1408
TEC-PH-10000141,488.326,-48.8326
FUR-FU-10000076,487.512,180.0198
OFF-BI-10004001,487.344,100.8768
OFF-ST-10004180,483.704,-7.4416
OFF-ST-10002370,483.414,118.9284
TEC-PH-10001615,481.234,131.3247
OFF-ST-10002583,480.704,-18.1888
TEC-MA-10002790,479.988,55.9986
TEC-AC-10004420,479.72,52.7692
FUR-FU-10004460,479.338,127.2996
TEC-AC-10003038,477.93,64.7085
TEC-PH-10001300,477.66,115.644
OFF-ST-10000107,477.30,67.710
OFF-AR-10000588,476.160,94.4384
TEC-PH-10000586,475.128,89.7464
TEC-AC-10001284,469.402,150.3748
FUR-FU-10000305,468.468,51.1056
TEC-PH-10004522,467.920,-14.6225
FUR-FU-10000193,467.712,-129.9200
TEC-AC-10001267,467.22,143.76
TEC-PH-10003215,467.22,192.279
FUR-FU-10002878,467.072,162.0512
OFF-BI-10004230,466.290,107.0740
OFF-BI-10001658,466.004,8.4728
TEC-MA-10002930,465.645,36.9160
OFF-AP-10002892,464.196,110.304
FUR-FU-10003374,463.796,73.0232
OFF-ST-10001228,462.328,90.0376
TEC-AC-10004855,461.868,-58.7832
OFF-AR-10001615,460.288,93.2480
OFF-ST-10001328,459.096,112.9128
OFF-SU-10000898,458.70,103.416
OFF-PA-10000241,458.504,185.880
OFF-ST-10001558,457.968,30.044
FUR-FU-10001095,455.456,61.4336
FUR-FU-10000629,455.070,183.1312
TEC-PH-10004006,453.42,122.4234
OFF-AP-10002495,452.965,105.485
OFF-BI-10000315,451.962,106.3440
TEC-MA-10002109,449.970,47.9968
OFF-ST-10003638,449.664,90.6354
OFF-AP-10002403,448.902,-7.0416
OFF-SU-10002573,448.768,129.722
TEC-MA-10003246,447.968,139.99
OFF-AR-10002956,444.602,69.9918
OFF-ST-10002485,443.996,-34.7284
OFF-PA-10001977,443.840,184.1936
TEC-AC-10002217,443.68,1.880
TEC-PH-10003589,442.554,171.2648
FUR-FU-10000222,441.728,28.2576
TEC-AC-10003063,440,84.5
FUR-FU-10001588,437.70,138.3132
OFF-AR-10002987,436.480,155.5456
OFF-AP-10000358,436.128,58.2802
FUR-FU-10001861,434.56,197.104
OFF-BI-10000069,433.789,125.7838
OFF-EN-10004773,433.720,196.7230
OFF-AP-10004859,432.432,60.4240
OFF-AR-10000937,431.29,165.206
OFF-ST-10004507,428.75,90.7235
TEC-PH-10000149,426.93,43.092
FUR-FU-10004270,426.560,116.7148
FUR-BO-10001619,424.90,27.1936
OFF-PA-10004381,422.752,172.9440
OFF-BI-10001191,422.636,59.0672
OFF-LA-10001074,421.008,162.0129
TEC-AC-10000397,419.88,29.3916
TEC-PH-10002807,419.23,122.605
OFF-PA-10004243,417.34,200.3232
OFF-PA-10000483,415.132,159.547
TEC-PH-10003800,413.322,-58.8189
OFF-BI-10000962,410.004,111.2868
OFF-AP-10004532,409.60,110.5920
FUR-FU-10002501,409.536,98.9712
OFF-ST-10001172,407.012,56.2264
OFF-ST-10002289,406.784,14.301
OFF-PA-10001295,405.958,169.2124
OFF-AR-10000538,405.36,109.785
OFF-AR-10001897,402.976,92.1088
OFF-ST-10000642,402.816,-26.4348
FUR-BO-10002202,400.0268,-113.2606
TEC-MA-10004458,396,190.08
TEC-PH-10004100,395.780,46.0544
FUR-FU-10004960,390.66,132.8244
OFF-BI-10002852,390.576,104.8128
OFF-AR-10004260,389.70,109.1160
TEC-AC-10004001,386.91,133.2690
OFF-AP-10002765,386.754,100.6620
OFF-BI-10004236,386.084,76.9232
TEC-MA-10001570,385.8,130.2075
TEC-PH-10004188,384.846,-55.9776
TEC-AC-10002647,383.04,148.96
TEC-AC-10004864,379.704,129.9756
FUR-FU-10004622,379.4,-48.780
TEC-PH-10002075,377.97,109.6113
FUR-FU-10002045,377.91,166.2804
OFF-BI-10002498,377.538,90.2727
OFF-EN-10002500,375.732,164.862
OFF-ST-10002301,374.256,-48.6126
TEC-AC-10004859,374.072,122.360
TEC-AC-10001553,373.780,24.8054
OFF-LA-10004544,372.96,165.76
OFF-BI-10003638,369.585,14.319
FUR-FU-10003247,369.248,-40.4914
OFF-ST-10000464,368.456,93.1568
TEC-AC-10003657,367.092,22.4334
TEC-AC-10001383,364.854,53.7285
TEC-AC-10002399,361.380,102.7080
TEC-AC-10004114,360.712,127.0690
TEC-AC-10001956,359.7,91.124
FUR-FU-10000521,357.948,94.7682
OFF-AP-10000696,357.616,67.7740
TEC-AC-10002167,357,23.25
TEC-AC-10003441,355.95,5.424
OFF-BI-10003707,354.032,41.202
OFF-ST-10002406,353.292,94.6104
OFF-PA-10000595,351.736,154.3984
TEC-MA-10002981,350.973,152.0883
TEC-AC-10003027,350.204,8.7551
OFF-ST-10004963,348.220,-0.6056
OFF-ST-10000615,347.31,85.806
FUR-FU-10004090,346.788,93.5883
OFF-BI-10001721,346.356,112.8864
OFF-ST-10001325,345.840,78.0760
OFF-ST-10000876,345.832,77.1280
OFF-ST-10000798,344.724,20.9832
OFF-AP-10000692,344.590,67.2964
FUR-FU-10004597,344.1,-42.180
OFF-AP-10001492,343.076,81.5452
OFF-BI-10002353,342.768,18.528
OFF-PA-10004092,342.58,171.29
OFF-AR-10004648,342.55,92.4885
TEC-MA-10000904,341.991,-319.1916
TEC-PH-10004959,341.666,40.1960
OFF-ST-10000136,341.42,59.550
TEC-PH-10002293,339.830,23.1884
FUR-FU-10000397,338.98,94.9144
OFF-ST-10003455,338.118,62.6604
OFF-EN-10001335,336.952,150.972
TEC-MA-10003066,336.51,44.868
TEC-PH-10001644,335.888,76.7744
OFF-BI-10002225,334.368,98.2464
OFF-PA-10003441,334.368,155.7792
FUR-FU-10001475,334.096,29.4532
OFF-AP-10002998,333.564,86.8566
FUR-FU-10002379,331.76,39.8112
OFF-AR-10004344,330.924,59.5903
TEC-AC-10004227,329.946,-48.5826
OFF-PA-10003625,328.388,140.959
OFF-PA-10003127,327.112,141.9244
OFF-EN-10004206,325.86,149.8956
TEC-AC-10002305,324,58.32
TEC-PH-10002817,323.976,36.4473
FUR-BO-10003433,322.192,-81.1676
TEC-AC-10000682,321.846,106.1760
OFF-PA-10004530,321.44,157.5056
OFF-EN-10000483,320.25,139.080
TEC-MA-10004255,319.92,118.3704
OFF-ST-10002214,318.378,67.7400
OFF-ST-10000419,317.772,-4.8888
FUR-FU-10003799,316.484,71.1200
OFF-BI-10002931,314.550,0.000
OFF-BI-10004233,310.206,52.4472
FUR-FU-10000087,308.992,94.5152
OFF-BI-10002824,308.844,21.634
OFF-SU-10001218,307.44,86.0832
OFF-SU-10002537,306.90,72.2238
OFF-AP-10004980,303.360,-20.4768
OFF-ST-10000760,301.968,63.7488
OFF-ST-10002486,300.140,-7.6780
TEC-MA-10000597,299.970,34.9965
FUR-FU-10001057,299.850,38.1809
OFF-AP-10004233,299.208,-177.2232
TEC-AC-10001266,299.0,113.10
FUR-FU-10003347,298.2,116.298
OFF-AR-10001725,297.99,70.477
OFF-PA-10003022,297.120,120.8118
TEC-AC-10000710,296.64,127.5552
OFF-FA-10004854,296.184,119.7364
OFF-PA-10001363,294.72,138.5184
OFF-AR-10002952,293.70,63.012
TEC-AC-10003447,291.854,66.9665
FUR-FU-10002813,291.456,97.1520
OFF-AP-10001947,289.456,-113.7672
OFF-AR-10001915,287.970,109.4286
OFF-BI-10001628,287.868,64.1445
OFF-EN-10003286,284.832,131.2380
OFF-PA-10002421,284.382,108.3360
OFF-ST-10002182,284.104,-43.4512
OFF-PA-10000380,281.892,127.602
TEC-PH-10001870,281.658,6.1230
OFF-PA-10002986,280.560,120.7744
TEC-AC-10004518,280,109.2
TEC-MA-10000029,279.96,120.3828
OFF-PA-10000565,279.90,137.1510
TEC-PH-10004833,279.63,-31.07
FUR-FU-10003724,279.558,44.1936
OFF-SU-10000381,279.300,67.7768
OFF-AP-10002670,277.92,83.376
OFF-LA-10001158,277.38,126.684
OFF-BI-10003719,276.945,-19.461
OFF-ST-10000344,276.658,58.0176
TEC-AC-10002345,275.5,58.000
OFF-AR-10001958,275.076,42.7896
TEC-PH-10000213,272.888,27.2888
OFF-BI-10001294,271.44,71.955
FUR-FU-10001591,270.84,108.092
OFF-ST-10001031,270.248,53.3984
OFF-BI-10001460,269.67,84.9915
OFF-BI-10000309,269.394,-2.2830
OFF-BI-10001107,269.328,31.4216
OFF-PA-10001509,268.50,123.510
OFF-PA-10002558,268.24,93.884
OFF-LA-10003498,266.4,133.2
OFF-AP-10000055,266.336,-120.176
TEC-AC-10002718,265.538,5.1065
FUR-FU-10001889,265.104,74.7972
TEC-AC-10004761,264.438,88.4115
OFF-AR-10000658,263.34,72.072
OFF-PA-10002137,262.964,113.199
FUR-FU-10001756,262.752,-7.6160
OFF-ST-10002205,262.668,51.4206
OFF-AP-10003971,262.449,28.7496
TEC-PH-10003988,261.6,41.856
FUR-FU-10004093,260.148,68.460
OFF-AP-10002472,259.80,90.930
OFF-ST-10004946,259.68,59.510
OFF-EN-10004386,259.092,115.152
OFF-BI-10003676,258.720,-27.1656
FUR-FU-10000672,258.72,87.9648
OFF-BI-10004308,258.054,90.214
TEC-PH-10004897,257.742,-38.9610
OFF-PA-10001685,257.556,107.5854
OFF-BI-10004828,256.122,102.4488
OFF-AR-10003727,254.850,49.7807
FUR-FU-10003878,253.648,41.8672
TEC-PH-10002350,251.910,50.3820
FUR-FU-10001934,251.76,65.4576
TEC-AC-10004708,251.40,52.7940
OFF-ST-10000649,251.20,51.025
TEC-AC-10004803,250.92,35.1288
OFF-LA-10001297,248.40,119.232
OFF-ST-10003324,248.36,0
TEC-AC-10000171,248.292,91.0404
OFF-EN-10003134,247.616,107.456
FUR-FU-10003577,246.648,81.4512
OFF-PA-10001776,246.582,109.0152
OFF-PA-10003673,245.436,106.3104
FUR-CH-10002017,245.088,14.9184
OFF-PA-10002499,244.70,122.35
OFF-EN-10001532,244.512,117.162
FUR-FU-10000246,244.400,56.212
OFF-AP-10003860,244.288,41.6400
OFF-BI-10000088,241.560,39.9672
OFF-EN-10003040,240.764,88.1929
TEC-AC-10000303,239.940,52.3869
TEC-PH-10000923,239.840,79.2971
OFF-AP-10002082,239.580,41.382
OFF-BI-10001196,239.466,37.8222
OFF-PA-10004100,238.464,96.9408
OFF-BI-10003291,238.329,25.4916
OFF-PA-10000740,237.536,89.5328
OFF-SU-10004498,236.992,-12.8800
FUR-FU-10000023,236.778,88.3500
OFF-ST-10002444,235.776,58.9440
OFF-LA-10004545,235.564,102.7460
OFF-BI-10001098,235.180,-102.8378
FUR-FU-10004053,234.784,84.8056
OFF-AR-10004078,234.768,34.456
OFF-AP-10004249,234.612,42.3738
TEC-PH-10001536,234.462,45.8730
OFF-AR-10004456,234.24,67.9296
TEC-AC-10002331,232.764,72.5676
OFF-PA-10000501,231.856,94.3600
OFF-ST-10001291,229.976,44.8115
OFF-AP-10001962,229.886,53.6960
OFF-AR-10003179,229.572,58.6684
OFF-PA-10004665,227.94,94.320
OFF-PA-10002713,227.04,104.4384
OFF-ST-10002352,225.036,47.8800
OFF-FA-10002280,225,102.8
TEC-MA-10003589,224.937,-164.9538
OFF-ST-10004258,224.664,55.3113
TEC-PH-10000127,223.888,-50.3748
OFF-PA-10004082,223.44,111.72
OFF-PA-10001166,222.432,81.8424
OFF-AR-10003478,219.780,68.376
FUR-FU-10001940,219.696,50.3072
OFF-ST-10002562,219.492,30.3912
OFF-ST-10003996,218.416,52.0344
OFF-PA-10000575,218.094,95.2656
OFF-SU-10004261,217.224,45.8584
TEC-PH-10000169,216.96,-15.594
FUR-FU-10001085,216.34,75.346
FUR-FU-10002445,216.144,73.944
TEC-PH-10002583,215.892,-11.9940
OFF-PA-10001972,215.136,90.4608
OFF-BI-10003910,215.109,66.6915
OFF-BI-10004654,214.573,47.873
TEC-PH-10001949,213.48,16.011
OFF-PA-10004156,213.192,97.5240
OFF-BI-10004781,212.658,-18.4092
OFF-BI-10004728,212.080,58.5148
OFF-EN-10000461,211.508,86.4386
FUR-FU-10003464,210.912,59.2176
OFF-PA-10000019,209.952,88.6464
OFF-AR-10001468,209.664,49.7952
OFF-AR-10002445,209.568,77.8800
OFF-BI-10001036,209.306,26.506
OFF-BI-10001636,208.221,21.5808
OFF-ST-10000352,208.180,5.948
TEC-AC-10001998,207.896,62.7686
OFF-BI-10001575,207.566,-82.4068
FUR-CH-10002317,207.184,25.898
TEC-MA-10004521,206.991,-172.4925
OFF-BI-10004826,204.724,50.1904
TEC-MA-10000423,204.507,64.6506
OFF-AP-10004785,203.94,87.6942
TEC-AC-10004992,202.68,16.2144
FUR-FU-10004351,202.592,71.6864
TEC-PH-10004830,201.568,22.6764
OFF-ST-10000885,201.45,50.3625
OFF-PA-10003465,201.082,92.5736
OFF-PA-10001950,200.160,80.898
TEC-PH-10004071,199.800,17.4825
OFF-AP-10004036,199.728,17.520
OFF-EN-10003862,198.462,83.2260
OFF-BI-10000050,197.83,35.332
OFF-AR-10002818,197.82,59.346
OFF-EN-10003567,197.82,81.3260
TEC-PH-10000702,197.802,54.8451
OFF-AP-10003099,197.72,55.3616
OFF-FA-10001883,197.612,-10.3474
OFF-BI-10000474,197.169,-69.5702
OFF-PA-10002005,196.992,85.7952
OFF-PA-10004911,196.98,94.5504
OFF-PA-10000249,196.480,85.8372
OFF-AR-10001446,196.35,34.650
FUR-FU-10003976,196.248,55.1004
OFF-EN-10001539,196.056,88.8476
OFF-SU-10004231,196.02,37.026
OFF-SU-10004884,195.052,49.8641
FUR-FU-10004245,194.688,68.9520
TEC-AC-10003499,194.544,53.2680
FUR-FU-10004909,193.920,4.848
OFF-ST-10003722,193.614,44.1945
OFF-FA-10003495,192.128,85.728
OFF-BI-10000174,191.98,50.228
OFF-PA-10001281,191.6,91.968
OFF-PA-10002245,191.360,82.823
OFF-BI-10002706,191.352,29.4168
TEC-AC-10001101,190.772,5.156
TEC-PH-10004774,189.654,-11.9508
TEC-PH-10002844,188.946,-18.1948
OFF-PA-10003797,187.92,90.2016
OFF-AP-10001366,186.66,50.3982
OFF-PA-10001457,186.496,72.7936
OFF-PA-10003724,184.62,87.6945
TEC-AC-10004633,184.536,67.1040
OFF-BI-10001617,184.052,41.5668
OFF-BI-10004965,184.0,57.500
FUR-FU-10002364,183.024,10.1106
OFF-PA-10000312,182.72,59.384
OFF-BI-10004209,182.508,-3.216
OFF-AR-10003752,182.49,76.461
OFF-PA-10004996,181.456,77.6343
OFF-AP-10003884,180.66,50.5848
OFF-ST-10001505,180.596,16.8038
FUR-FU-10002703,180.46,-46.404
FUR-FU-10003691,180.31,55.822
TEC-MA-10003337,179.991,-251.9874
OFF-ST-10001580,179.760,39.5472
OFF-SU-10004782,179.14,37.180
OFF-BI-10002103,179.014,5.3878
OFF-PA-10003848,178.848,77.7600
OFF-PA-10001725,178.296,79.4580
OFF-LA-10002312,177.60,81.40
FUR-FU-10000221,176.784,49.3776
OFF-BI-10000014,176.742,9.0553
FUR-FU-10004671,176.700,23.3244
OFF-ST-10000918,176.58,31.392
OFF-LA-10001569,176.292,68.7240
OFF-EN-10002986,176.288,63.747
OFF-PA-10003172,176.256,81.9072
OFF-EN-10002592,176.016,77.586
FUR-FU-10000010,175.938,52.4832
FUR-FU-10000448,175.78,8.789
TEC-PH-10002070,175.422,17.992
OFF-BI-10001078,175.388,73.8674
OFF-BI-10004002,174.73,12.802
OFF-PA-10002160,174.556,74.3308
TEC-AC-10004396,174.24,-19.6020
TEC-PH-10000376,173.826,11.1888
OFF-AR-10001860,173.500,53.5768
OFF-PA-10000477,172.776,76.1832
OFF-BI-10000320,172.692,59.7780
OFF-AR-10001683,171.39,55.357
OFF-AR-10003514,171.140,53.8096
FUR-FU-10002396,171.088,39.7528
OFF-PA-10001870,171.072,76.7232
OFF-AR-10004691,171.04,44.4704
OFF-BI-10001249,170.984,29.7308
TEC-AC-10004814,170.97,70.0977
OFF-AP-10000390,170.744,-325.6332
FUR-FU-10002088,170.620,56.0352
OFF-PA-10002764,170.10,83.3490
OFF-PA-10001667,169.832,64.584
OFF-PA-10004101,169.776,78.7968
OFF-PA-10002968,169.016,70.3472
FUR-FU-10002671,168.84,78.256
FUR-FU-10001037,168.744,48.822
OFF-PA-10002195,168.464,71.0412
OFF-AP-10000027,168.392,35.308
OFF-LA-10004093,168.130,75.1468
FUR-FU-10002554,167.93,38.6239
OFF-PA-10002666,166.704,67.044
OFF-SU-10004664,166.056,33.1298
OFF-PA-10003651,165.664,75.3504
OFF-BI-10000301,164.985,3.235
OFF-PA-10001804,164.328,70.5408
OFF-EN-10004459,163.496,73.8788
FUR-FU-10004587,163.332,3.1410
FUR-FU-10003849,161.920,26.1096
OFF-PA-10004041,161.32,59.57
FUR-FU-10001487,160.54,46.5566
OFF-EN-10001099,160.392,65.3304
OFF-PA-10000726,160.336,65.1365
TEC-PH-10003535,159.984,13.9986
OFF-SU-10001664,159.402,26.2242
OFF-LA-10002043,159.39,73.278
FUR-FU-10000175,159.268,7.6888
FUR-FU-10004963,159.25,47.600
FUR-FU-10003798,158.24,27.692
OFF-AP-10000326,157.92,17.766
OFF-AR-10004062,157.20,39.30
OFF-BI-10004817,156.938,-11.2612
FUR-FU-10002157,156.80,61.1520
OFF-PA-10000300,155.844,60.5394
FUR-FU-10003832,155.708,20.6360
OFF-PA-10002689,155.52,71.2800
FUR-FU-10000794,155.38,52.8292
OFF-LA-10000414,155.25,74.520
OFF-PA-10000919,155.04,75.9696
TEC-AC-10004877,154.56,8.556
FUR-FU-10002456,154.336,42.2968
OFF-LA-10002945,153.72,55.062
OFF-LA-10000240,153.510,64.4011
OFF-BI-10001922,153.252,49.3614
OFF-SU-10000946,153.216,34.2342
OFF-PA-10000174,152.144,54.0728
FUR-FU-10003142,152.064,42.7680
FUR-FU-10003424,151.656,35.4576
OFF-PA-10004888,151.632,67.3920
OFF-PA-10003591,151.536,65.436
OFF-AP-10003266,151.062,47.9844
TEC-AC-10003614,150.670,41.9558
OFF-PA-10000061,150.336,69.4656
OFF-AP-10003281,149.916,22.971
OFF-PA-10001712,149.85,67.4325
FUR-FU-10003731,149.70,41.9160
OFF-AR-10002656,149.632,48.6304
FUR-FU-10002268,149.264,37.4142
TEC-AC-10001635,148.032,24.672
TEC-PH-10003187,147.926,-31.984
OFF-PA-10001934,147.744,68.4288
OFF-AP-10004136,147.528,-36.882
OFF-AP-10001303,147.26,48.755
OFF-BI-10004970,147.028,50.7164
OFF-BI-10000948,146.981,18.4083
OFF-FA-10003112,146.754,51.2850
OFF-EN-10001219,146.688,64.8636
OFF-PA-10004735,146.448,68.9472
FUR-FU-10000820,146.114,6.7960
OFF-AR-10004999,145.912,33.787
OFF-ST-10004634,145.73,35.872
FUR-FU-10000719,145.69,52.4484
OFF-PA-10001800,145.152,60.9120
OFF-PA-10000143,144.672,65.0496
FUR-FU-10001967,143.928,-5.9970
OFF-PA-10001639,143.856,62.9856
OFF-BI-10002215,143.42,55.238
OFF-BI-10002982,143.010,-2.1792
OFF-PA-10002262,142.56,68.4288
OFF-BI-10004738,142.050,18.940
OFF-BI-10000829,141.884,57.0230
OFF-BI-10001153,141.614,3.454
OFF-PA-10004983,141.264,63.7632
OFF-PA-10004621,141.264,57.0240
OFF-AR-10003338,139.872,28.272
OFF-FA-10000621,139.620,59.2848
OFF-FA-10000134,139.44,43.2264
OFF-PA-10002479,139.392,52.272
OFF-PA-10001184,138.736,65.5408
OFF-PA-10002036,138.672,59.3568
OFF-PA-10002250,138.532,59.1696
OFF-AR-10003156,138.176,32.9184
FUR-FU-10000771,138.16,58.0272
OFF-BI-10003694,137.808,-14.4072
OFF-BI-10003460,137.532,55.5384
FUR-FU-10001918,137.170,47.7257
OFF-LA-10004484,137.116,54.5986
OFF-PA-10000246,136.816,55.3300
OFF-BI-10003429,136.728,4.3677
FUR-TA-10001691,136.464,15.3522
OFF-BI-10001072,136.440,13.6440
OFF-PA-10001593,136.344,54.119
FUR-FU-10002597,136.344,56.1184
OFF-SU-10003567,136.32,-21.984
TEC-AC-10004209,136.276,42.4214
OFF-BI-10003476,135.801,43.4334
FUR-FU-10002960,135.648,44.5880
OFF-PA-10004451,134.784,60.6528
OFF-BI-10004040,134.680,23.7244
OFF-BI-10004139,133.86,21.825
OFF-PA-10004285,133.600,60.6544
FUR-FU-10000732,133.136,39.1872
TEC-PH-10004348,133.128,3.698
OFF-PA-10001838,132.888,60.9168
TEC-MA-10003173,131.10,60.3060
OFF-BI-10003712,131.097,18.4125
OFF-PA-10000743,130.928,61.4560
OFF-EN-10001990,130.64,61.4008
OFF-PA-10004040,129.168,55.9728
OFF-AP-10000252,128.70,37.440
OFF-FA-10000624,128.164,60.144
OFF-AR-10001419,128.030,29.736
TEC-PH-10004700,127.872,52.3476
OFF-AR-10003504,127.544,30.3024
OFF-PA-10001534,127.008,56.2464
TEC-PH-10003875,126.36,36.6444
OFF-PA-10002893,125.84,60.4032
FUR-FU-10001196,125.786,20.772
OFF-BI-10004364,125.334,1.188
OFF-EN-10001141,125.172,52.3746
TEC-AC-10001590,125,30
OFF-PA-10002870,124.80,56.160
FUR-FU-10000073,124.74,37.037
OFF-PA-10002606,124.608,49.104
OFF-BI-10001900,124.592,42.0498
FUR-FU-10000260,124.586,26.2116
OFF-AR-10003696,124.488,26.2808
OFF-PA-10001937,124.416,43.5456
OFF-AR-10003631,123.904,26.6200
OFF-AR-10001761,123.808,34.1056
OFF-AR-10001374,123.120,30.5856
OFF-PA-10004438,122.80,57.7160
OFF-BI-10003708,122.18,7.4500
OFF-PA-10000304,121.824,47.6928
OFF-PA-10001994,121.392,48.5568
OFF-LA-10002475,121.346,51.6086
FUR-FU-10001867,121.296,21.7056
OFF-AR-10004757,120.704,32.8000
OFF-PA-10002787,120.528,46.3968
OFF-PA-10001569,120.528,56.5056
OFF-PA-10002246,119.97,47.6010
OFF-BI-10002072,119.922,46.057
FUR-BO-10002206,119.833,-12.6882
FUR-FU-10004666,119.556,27.7020
TEC-PH-10000148,119.508,-20.5242
OFF-PA-10003883,119.21,52.007
OFF-AR-10000034,118.720,43.7144
OFF-PA-10000349,118.524,52.5390
OFF-AR-10000122,118.296,17.856
OFF-BI-10001116,117.744,-8.5536
OFF-BI-10002799,117.586,5.6980
FUR-FU-10002553,117.28,-16.4925
OFF-PA-10001471,116.96,53.8016
OFF-BI-10001097,116.501,14.8274
OFF-BI-10003981,116.224,37.5004
OFF-PA-10000791,115.434,47.2230
OFF-BI-10000404,115.24,42.312
FUR-FU-10001706,115.192,44.7216
OFF-BI-10001634,115.024,37.0552
OFF-PA-10001526,114.540,43.4256
OFF-PA-10000327,113.848,47.936
OFF-LA-10001613,113.472,48.8448
OFF-ST-10003327,113.202,21.5481
OFF-BI-10001757,112.668,-10.1352
OFF-PA-10000289,111.456,50.8032
OFF-AR-10002399,110.760,42.8982
OFF-BI-10001553,110.594,6.0324
OFF-BI-10002309,110.484,29.2392
OFF-LA-10003766,110.25,52.920
OFF-PA-10003072,110.160,46.1376
OFF-PA-10003363,110.16,52.8768
OFF-PA-10000520,110.160,46.1376
OFF-BI-10002437,110.016,39.8808
OFF-PA-10001892,110.016,43.7772
OFF-LA-10001934,109.65,51.5355
OFF-PA-10004569,109.584,49.0845
OFF-PA-10003893,109.568,43.656
FUR-FU-10001546,108.936,-11.214
OFF-EN-10002312,108.682,52.1230
OFF-BI-10001308,108.644,5.024
OFF-PA-10001745,108.416,44.9856
FUR-FU-10003194,108.08,6.755
FUR-FU-10001935,108.04,36.001
TEC-AC-10001090,107.964,9.5968
TEC-AC-10001542,107.912,14.9240
OFF-AP-10002222,107.508,25.2297
OFF-PA-10002615,106.722,47.1870
OFF-LA-10001641,106.47,49.140
OFF-PA-10002464,106.352,50.3438
OFF-PA-10000587,106.288,49.5040
OFF-AP-10003278,106.172,2.7940
OFF-BI-10003305,105.846,21.8868
OFF-PA-10004610,105.288,44.084
TEC-AC-10002134,105.144,0.8088
OFF-PA-10003309,104.976,40.9536
TEC-PH-10003442,104.5,17.875
TEC-AC-10003237,103.88,37.418
OFF-PA-10003256,103.860,37.8512
OFF-BI-10000343,102.619,-11.8822
OFF-AR-10000914,102.608,16.3240
OFF-PA-10000069,102.492,37.1059
OFF-BI-10002071,102.256,-4.4156
OFF-SU-10004661,102.0,20.23
TEC-MA-10002694,101.994,-71.3958
FUR-FU-10003095,101.94,30.582
OFF-PA-10002586,101.592,43.5252
OFF-AR-10003560,100.928,20.6720
OFF-BI-10002412,100.92,30.74
OFF-EN-10001028,100.632,42.4092
OFF-BI-10003963,100.464,38.7296
OFF-BI-10001758,100.392,35.2974
OFF-PA-10000210,99.9,46.953
OFF-BI-10002571,99.800,-0.6986
OFF-BI-10001031,99.324,22.9086
OFF-ST-10003572,99.12,7.434
OFF-PA-10004675,99.06,40.767
FUR-FU-10000409,98.868,42.2436
OFF-PA-10003177,98.496,41.2128
FUR-FU-10003919,98.136,-78.5088
FUR-FU-10002030,97.812,-1.7784
OFF-SU-10000952,97.68,27.3504
OFF-PA-10004255,97.20,46.6560
OFF-PA-10004782,97.20,46.6560
OFF-LA-10000305,97.02,42.588
OFF-AR-10003056,96.728,26.8356
OFF-BI-10002432,96.646,26.9192
TEC-AC-10000290,96.418,29.1970
FUR-FU-10001424,96.030,15.3648
OFF-AR-10003405,95.94,17.0235
OFF-PA-10000788,95.904,35.2512
OFF-PA-10003349,95.904,39.7224
OFF-PA-10000029,95.904,38.6208
OFF-LA-10003148,95.76,41.328
OFF-LA-10000407,95.616,41.8320
OFF-SU-10001165,95.076,21.0168
OFF-AR-10004269,94.99,23.6236
OFF-AR-10000716,94.860,26.7840
OFF-PA-10002947,94.856,39.2784
OFF-BI-10000756,94.128,11.448
FUR-FU-10001731,93.984,32.7342
OFF-LA-10001771,93.624,34.4616
FUR-FU-10000755,93.60,23.40
FUR-FU-10002506,93.528,2.0784
OFF-PA-10001001,93.248,31.4712
OFF-EN-10002600,93.22,39.530
OFF-AR-10003829,93.152,23.2880
OFF-FA-10002780,92.976,33.4356
OFF-BI-10002557,92.820,24.570
OFF-PA-10004971,92.480,39.4196
OFF-PA-10003845,92.48,45.3152
OFF-FA-10000585,92.136,35.5980
OFF-BI-10000138,91.728,16.2864
OFF-AP-10004868,91.686,-10.4118
OFF-ST-10000321,91.524,-6.9432
TEC-MA-10003493,91.475,-1.8295
OFF-BI-10000605,91.440,34.8996
OFF-LA-10002195,91.168,43.1200
FUR-BO-10001567,90.882,-190.8522
OFF-SU-10002503,90.88,26.3552
OFF-AR-10003158,90.744,22.4472
OFF-LA-10000121,90.72,39.690
OFF-BI-10003727,90.706,12.4564
OFF-AR-10003045,90.552,38.808
OFF-PA-10002751,89.70,40.365
OFF-PA-10002709,89.70,40.9032
OFF-BI-10003274,89.550,13.6116
OFF-PA-10002365,89.424,38.8800
OFF-LA-10002787,89.25,42.45
OFF-SU-10004737,88.92,24.0084
OFF-AR-10004685,88.896,26.8540
OFF-LA-10002034,88.38,43.3062
OFF-AR-10000817,88.16,27.9680
OFF-PA-10001260,88.11,39.6495
TEC-AC-10002018,88.074,32.2938
OFF-EN-10003448,88.008,35.898
OFF-AP-10003622,87.75,20.8325
OFF-FA-10002763,87.69,20.540
OFF-BI-10003355,87.648,22.9080
FUR-FU-10004020,87.520,25.1620
OFF-LA-10003223,87.398,39.8201
OFF-BI-10000546,87.264,13.8240
OFF-PA-10001461,86.84,38.2096
OFF-AR-10003732,86.736,18.8484
OFF-AR-10004441,86.112,30.8844
OFF-AR-10000411,86.076,19.128
OFF-BI-10004410,85.995,15.0969
OFF-BI-10002949,85.728,18.0576
OFF-PA-10000295,85.536,34.9920
OFF-PA-10003001,85.504,40.3472
OFF-BI-10000279,85.255,8.6700
OFF-LA-10003720,84.870,35.9775
FUR-FU-10004712,84.84,22.0584
FUR-FU-10002885,84.832,28.0524
OFF-PA-10003270,84.480,32.208
OFF-LA-10004689,84.388,35.3736
OFF-PA-10000552,84.240,33.6960
OFF-PA-10000223,84.240,37.0656
OFF-AR-10000475,83.952,15.8576
TEC-PH-10000004,83.944,6.2958
OFF-AP-10002287,83.904,12.7604
OFF-PA-10000533,83.712,30.7380
OFF-LA-10004853,83.664,32.5692
FUR-FU-10003096,83.49,31.5744
TEC-AC-10002857,83.44,11.4730
OFF-AR-10000390,83.426,36.5918
OFF-BI-10003669,83.16,10.152
OFF-BI-10002827,82.950,-15.5946
FUR-FU-10000320,82.832,26.7200
OFF-AR-10002375,82.656,22.1072
OFF-PA-10004733,82.368,29.8584
OFF-PA-10001952,82.224,32.8896
OFF-BI-10000145,81.744,11.7312
OFF-AR-10002053,81.652,19.4296
OFF-SU-10004115,81.424,12.4317
OFF-AR-10000634,81.320,9.4588
FUR-FU-10004586,81.008,25.7632
OFF-AR-10001149,80.952,23.778
OFF-PA-10001560,80.936,32.9180
TEC-AC-10000521,80.780,16.156
OFF-AR-10003602,80.592,34.1640
OFF-BI-10003314,80.494,23.9554
OFF-PA-10004609,80.352,33.1776
OFF-SU-10001225,80.224,-6.3296
OFF-AR-10001246,79.968,13.1712
OFF-ST-10001034,79.4,5.955
TEC-PH-10002185,79.23,29.5375
OFF-PA-10001293,79.056,35.2512
OFF-PA-10004355,79.056,31.8816
OFF-LA-10003190,78.336,34.2720
OFF-EN-10002621,78.240,34.230
OFF-ST-10002957,78.144,-6.336
OFF-BI-10001890,78.044,14.7496
OFF-EN-10004955,77.904,36.5175
OFF-AR-10001988,77.87,22.5823
OFF-PA-10001801,77.74,38.0926
OFF-FA-10004395,77.244,-3.2970
OFF-FA-10002975,77.112,28.1232
OFF-PA-10001215,77.088,27.72
OFF-PA-10000466,76.836,36.396
OFF-SU-10001574,76.65,20.440
OFF-PA-10003936,76.464,32.6592
OFF-PA-10002259,76.092,29.5416
OFF-AR-10000255,75.92,19.7392
OFF-PA-10000213,75.696,33.4656
OFF-AR-10001662,75.624,15.6180
TEC-PH-10003356,75.492,10.0656
OFF-SU-10002557,75.492,13.4208
OFF-BI-10004140,75.432,-13.4700
OFF-AR-10001221,75.348,20.0928
OFF-AR-10001954,75.306,14.6211
OFF-EN-10000781,75.164,28.8420
TEC-AC-10000387,75.100,1.2016
OFF-PA-10001609,73.696,29.2810
OFF-BI-10000285,72.912,-13.328
OFF-PA-10003016,72.848,31.400
OFF-BI-10001267,72.806,8.6380
OFF-PA-10004734,72.80,36.40
FUR-FU-10000550,72.708,9.3126
OFF-PA-10002749,72.252,31.3092
OFF-BI-10002003,72.038,15.0842
TEC-MA-10003329,71.976,24.2919
OFF-BI-10001679,71.928,-12.432
OFF-EN-10003068,71.28,24.948
OFF-LA-10001982,71.25,32.25
OFF-PA-10000528,70.752,30.096
OFF-PA-10000807,70.192,31.6292
OFF-PA-10000232,69.984,30.3264
OFF-BI-10002764,69.768,13.7598
OFF-FA-10001561,69.760,20.0996
OFF-PA-10001846,69.360,28.0908
OFF-ST-10000617,69.136,2.6224
OFF-BI-10003166,68.880,-68.4208
OFF-LA-10000248,68.634,31.4757
OFF-AR-10000203,68.480,13.7816
OFF-EN-10003798,68.280,23.0445
OFF-PA-10002659,68.276,29.9468
OFF-BI-10000136,68.172,30.8568
OFF-EN-10001509,68.136,30.2940
OFF-AR-10000614,67.83,17.6358
OFF-PA-10002230,67.728,27.0912
OFF-BI-10000822,67.250,19.6908
OFF-FA-10000936,67.116,25.4975
OFF-AR-10003394,67.032,15.5232
OFF-LA-10004559,66.816,31.5648
OFF-BI-10004506,66.663,15.3078
OFF-BI-10000773,66.566,-39.6990
FUR-FU-10001617,66.56,18.512
OFF-LA-10000443,66.420,23.3946
OFF-BI-10002414,66.409,-13.2818
OFF-LA-10003121,66.08,28.1666
OFF-FA-10000992,66.03,30.2815
OFF-AR-10000127,65.600,14.3664
OFF-AR-10003481,65.600,9.7088
OFF-EN-10003160,65.52,31.4496
OFF-AR-10003183,65.464,9.352
TEC-PH-10000347,65.34,3.9105
FUR-FU-10003829,65.296,17.1248
OFF-AR-10000940,65.268,13.7592
OFF-BI-10002976,65.254,19.2871
OFF-PA-10003657,65.056,22.684
TEC-PH-10002365,64.972,12.9944
OFF-PA-10003036,64.064,20.8208
OFF-FA-10004248,64.042,20.0244
FUR-FU-10002874,63.824,9.5736
OFF-BI-10001525,63.627,-13.9065
TEC-PH-10000307,63.51,-10.074
OFF-BI-10001132,62.946,-0.1614
OFF-EN-10003072,62.856,26.5392
FUR-FU-10002191,62.820,22.8944
OFF-LA-10003537,62.65,29.4455
OFF-PA-10000673,62.608,28.5376
OFF-AR-10003651,62.320,15.7440
OFF-EN-10004007,62.28,29.2716
OFF-BI-10001787,62.130,5.4282
OFF-AP-10000804,61.824,1.344
OFF-AR-10000246,61.716,14.4004
TEC-PH-10000912,61.544,14.0672
OFF-AR-10001547,61.438,13.0390
OFF-PA-10000809,60.912,23.8464
OFF-AR-10001166,60.64,23.6496
OFF-PA-10000682,60.112,24.7384
OFF-PA-10004519,60.032,25.7600
TEC-AC-10000926,59.976,11.9952
OFF-BI-10001759,59.817,13.1826
OFF-AR-10001427,59.80,11.1228
FUR-FU-10002111,59.696,14.5600
OFF-AR-10003759,59.696,24.661
OFF-AR-10004587,59.49,17.847
FUR-FU-10001379,58.784,-1.0688
OFF-FA-10002988,58.692,24.8637
OFF-EN-10004030,58.644,24.1092
OFF-LA-10003077,58.48,27.4856
OFF-FA-10004968,58.344,-0.2992
OFF-PA-10002105,58.32,27.9936
OFF-PA-10001947,57.408,26.9100
OFF-BI-10002393,57.400,7.8064
OFF-PA-10000130,57.352,19.688
OFF-LA-10000134,56.672,24.6400
OFF-LA-10000262,56.376,23.9598
OFF-PA-10003971,56.212,25.7140
TEC-PH-10004924,56.164,13.0064
OFF-AR-10002766,56.156,11.5092
FUR-FU-10002685,56.1,21.318
OFF-AP-10004052,56.09,3.476
OFF-LA-10004345,55.974,23.4207
OFF-PA-10004965,55.944,17.4825
OFF-BI-10004094,55.755,-2.9205
OFF-FA-10000304,54.936,20.2086
OFF-PA-10000551,54.908,25.8482
OFF-EN-10001415,54.684,23.994
OFF-PA-10001307,54.60,22.470
TEC-AC-10002558,54.576,17.6235
OFF-BI-10000216,54.474,-3.891
OFF-PA-10000556,54.432,24.1056
OFF-AR-10002280,54.348,22.3215
OFF-FA-10000735,54.312,23.798
OFF-EN-10002973,53.76,25.8048
OFF-LA-10004425,53.754,21.5883
OFF-LA-10004409,53.568,22.4640
FUR-FU-10001025,53.460,6.3666
OFF-ST-10003221,53.40,14.4180
OFF-BI-10004099,52.992,-23.808
OFF-PA-10003063,52.8,21.60
FUR-TA-10003837,51.782,-17.5145
OFF-AR-10004817,51.60,11.3004
OFF-BI-10004465,51.480,-23.760
OFF-BI-10002012,51.48,5.616
OFF-PA-10000350,51.36,24.1392
OFF-BI-10002954,51.184,3.6560
OFF-PA-10000007,51.12,21.960
OFF-LA-10000452,51.03,23.184
OFF-EN-10003845,50.922,19.0404
OFF-AR-10002257,50.768,9.2852
OFF-FA-10002815,50.616,20.0244
OFF-AP-10001626,50.570,1.6338
OFF-FA-10001843,50.388,21.5878
OFF-LA-10000081,50.25,22.95
OFF-EN-10004147,50.232,22.7838
OFF-PA-10004000,50.138,18.7781
OFF-PA-10001583,49.98,22.7115
OFF-PA-10001763,49.95,22.4775
OFF-PA-10000605,49.708,23.1778
OFF-PA-10000697,49.504,20.3728
OFF-PA-10003953,49.248,22.2912
OFF-AR-10004752,49.128,12.6024
OFF-AR-10001573,48.93,14.1897
FUR-FU-10001847,48.852,17.0568
OFF-PA-10004947,48.792,20.544
OFF-LA-10002271,48.048,22.4224
OFF-FA-10000053,48.006,-5.7078
OFF-AR-10004956,47.988,8.3700
OFF-AR-10004790,47.880,2.9925
OFF-LA-10001175,47.808,22.8384
FUR-FU-10002963,47.752,14.2240
OFF-AP-10004655,47.544,10.1880
OFF-AR-10003190,47.232,11.9808
OFF-PA-10004239,47.080,18.832
OFF-AR-10004511,47.08,14.5948
OFF-AR-10003217,46.944,8.2152
OFF-PA-10003729,46.656,16.3296
OFF-LA-10001317,46.62,22.050
FUR-FU-10004415,46.592,-2.8672
OFF-PA-10001204,46.464,17.424
OFF-FA-10002983,46.376,19.7780
OFF-ST-10001414,46.26,12.0276
OFF-AR-10001940,45.92,17.8760
OFF-AR-10003856,45.592,8.5624
OFF-BI-10002897,45.508,15.5608
OFF-LA-10004178,45.430,18.6676
FUR-FU-10000206,45.396,14.5500
OFF-PA-10001246,45.36,21.7728
OFF-AR-10000657,45.15,13.4590
OFF-SU-10004290,45.144,10.1916
FUR-FU-10002508,45.036,16.0128
OFF-AR-10002335,44.892,8.6172
OFF-LA-10001045,44.37,19.0008
OFF-LA-10001404,44.28,18.8559
OFF-SU-10002522,44.232,11.1744
TEC-AC-10000199,44.03,-2.023
OFF-AR-10003251,43.924,15.568
OFF-BI-10003196,43.758,-19.822
OFF-AR-10003772,43.75,13.125
OFF-AP-10000595,43.70,11.3620
OFF-SU-10002189,43.67,-3.4936
OFF-AR-10003469,42.944,18.2336
OFF-AR-10001177,42.64,10.0368
TEC-AC-10001445,42.42,8.9082
OFF-BI-10004187,42.112,16.6944
OFF-BI-10002160,41.910,8.2296
TEC-MA-10000752,41.905,-20.519
OFF-SU-10000432,41.640,-7.8075
OFF-BI-10001982,41.344,-19.6928
OFF-EN-10001137,41.300,16.7678
OFF-PA-10004470,40.896,16.3584
OFF-FA-10001332,40.896,18.0000
OFF-BI-10004528,40.320,12.60
OFF-PA-10001826,40.176,16.5888
OFF-AR-10003811,39.78,10.7406
FUR-FU-10003026,39.688,13.1164
OFF-BI-10000848,39.384,-1.9692
OFF-AR-10001868,38.976,18.816
OFF-BI-10003350,38.918,1.0208
OFF-AR-10001315,38.720,7.4800
OFF-BI-10004022,38.642,-4.8928
OFF-BI-10002194,38.304,-12.4488
OFF-AP-10000124,38.272,-3.6608
OFF-PA-10001622,38.136,15.663
OFF-BI-10004656,38.016,4.3200
OFF-PA-10000955,37.932,13.2108
OFF-AR-10000799,37.696,7.4784
OFF-AR-10002467,37.548,9.2678
OFF-AR-10004930,37.52,10.586
FUR-FU-10002107,37.464,13.7368
OFF-BI-10003655,37.24,15.086
OFF-AR-10002804,37.164,14.0832
OFF-PA-10004248,36.96,13.728
OFF-BI-10003529,36.920,12.2972
OFF-ST-10001627,36.744,3.6744
OFF-EN-10004846,36.708,15.0024
OFF-AR-10001545,36.608,7.8672
FUR-FU-10002505,36.396,-4.8528
OFF-PA-10001837,36.288,12.7008
FUR-FU-10003489,36.162,3.6162
OFF-FA-10000611,36.112,15.3328
OFF-PA-10003205,35.948,14.2975
FUR-FU-10003274,35.904,15.2064
OFF-BI-10004352,35.775,15.525
OFF-ST-10004835,35.712,2.6784
OFF-SU-10004768,35.588,7.462
OFF-LA-10003663,35.258,15.3459
OFF-PA-10002960,34.86,16.3842
OFF-FA-10003021,34.592,7.708
OFF-AR-10001770,34.58,8.9908
OFF-AR-10002578,34.56,10.0224
OFF-FA-10003059,34.390,8.9233
OFF-PA-10002741,34.24,15.408
FUR-FU-10001852,33.756,8.9088
OFF-FA-10004838,33.480,-2.6040
OFF-BI-10000042,33.108,7.1556
OFF-PA-10001752,32.868,15.0894
OFF-BI-10004716,32.648,1.7808
OFF-PA-10002552,32.40,15.5520
OFF-LA-10000634,32.364,14.0418
OFF-BI-10002609,31.588,-7.0328
OFF-AR-10002255,31.104,8.6112
OFF-AR-10001919,30.832,8.1404
OFF-AR-10001026,30.8,13.552
OFF-AR-10002833,30.576,6.6612
OFF-PA-10004022,29.97,13.4865
OFF-BI-10004967,29.952,-0.9152
OFF-BI-10004182,29.952,9.7968
FUR-FU-10003981,29.952,10.6496
TEC-MA-10004086,29.925,-21.945
OFF-PA-10001243,29.90,14.6510
OFF-PA-10004948,29.88,14.0436
OFF-FA-10001229,29.868,10.7682
OFF-EN-10001749,29.808,10.8054
FUR-FU-10004164,29.70,13.068
OFF-FA-10003467,29.70,0
OFF-SU-10001935,29.648,-3.8368
OFF-AR-10001231,29.4,8.232
OFF-AR-10000422,29.346,3.7668
OFF-PA-10004405,29.204,12.1584
OFF-BI-10002049,28.851,-5.4768
OFF-BI-10002813,28.512,-16.137
OFF-AR-10001473,28.208,4.2640
OFF-PA-10000141,27.468,11.2924
TEC-AC-10002380,27.192,0.3399
TEC-AC-10004127,27.168,-1.3584
OFF-FA-10003485,26.724,9.7464
OFF-AR-10001216,26.688,6.1160
OFF-LA-10004677,26.568,8.9667
OFF-AR-10003876,26.08,9.6496
OFF-BI-10000591,26.063,9.8806
OFF-AR-10004165,25.992,10.6704
TEC-AC-10000487,25.960,5.5165
OFF-AR-10003770,25.92,7.5168
OFF-PA-10003543,25.920,9.0720
OFF-BI-10000201,25.830,-4.920
OFF-FA-10003472,25.704,0.3024
OFF-PA-10003424,25.228,10.388
OFF-FA-10002676,24.978,7.6020
OFF-AR-10003087,24.92,5.6960
OFF-FA-10004076,24.552,5.8410
OFF-AR-10000896,24.272,4.8544
OFF-AR-10004582,24.272,8.938
OFF-LA-10004008,24.192,8.6400
OFF-LA-10002381,24.024,11.2112
OFF-SU-10002301,23.864,-4.1134
OFF-AR-10001227,23.52,6.3504
OFF-AR-10000315,23.332,4.9120
OFF-BI-10003094,22.880,2.3584
OFF-AR-10000462,22.4,9.632
OFF-LA-10003714,21.75,8.1
OFF-AR-10001972,21.168,3.7632
OFF-LA-10000476,20.65,9.4990
OFF-AR-10003723,20.28,7.5036
OFF-PA-10001450,19.92,9.7608
OFF-FA-10000254,19.782,-3.768
FUR-FU-10002240,19.70,0.788
OFF-FA-10000089,19.6,9.604
OFF-AR-10000823,19.292,3.5672
TEC-AC-10003709,19.008,7.3656
OFF-PA-10000859,18.308,8.358
OFF-PA-10001274,18.25,8.5775
OFF-AR-10002221,18.20,3.016
OFF-AP-10001634,18.096,-2.5056
OFF-AR-10003896,17.94,6.4584
OFF-LA-10000973,17.64,6.174
OFF-AR-10004027,17.640,5.7456
OFF-BI-10004141,17.490,-4.8336
OFF-PA-10000308,16.896,5.28
OFF-LA-10002368,16.704,6.8382
OFF-BI-10004876,16.402,5.0596
OFF-AR-10001118,16.176,6.7400
TEC-AC-10002370,15.760,3.7036
OFF-FA-10000490,15.624,7.0804
OFF-PA-10002333,15.552,5.6376
OFF-AR-10001130,15.47,6.0996
OFF-PA-10002109,15.232,4.9504
OFF-AR-10002704,14.98,4.494
OFF-LA-10004055,14.73,7.2177
OFF-AR-10001022,14.20,4.4020
OFF-SU-10003936,13.992,-1.7490
TEC-PH-10003655,13.86,2.2968
OFF-AR-10000369,13.622,2.3074
TEC-AC-10003133,13.616,3.5742
OFF-FA-10002701,13.44,0.5376
OFF-FA-10001135,13.068,-0.5148
OFF-AP-10003914,13,1.3
OFF-FA-10000840,12.996,5.1414
OFF-PA-10002001,12.96,6.3504
OFF-PA-10001661,11.952,4.3326
TEC-AC-10003433,11.682,4.6035
OFF-LA-10004272,11.56,5.4332
OFF-PA-10003739,11.56,5.6644
OFF-BI-10000494,11.484,-5.742
OFF-BI-10003784,11.088,-2.0160
OFF-BI-10000831,10.824,-2.0064
OFF-AR-10003958,10.496,1.1808
OFF-SU-10003002,10.08,0.3024
OFF-AR-10004707,9.92,3.472
OFF-AR-10004974,9.84,2.8536
OFF-AP-10002906,9.768,0.444
TEC-PH-10004875,9.588,-2.0774
OFF-SU-10001212,9.568,2.288
OFF-LA-10002473,9.216,3.3408
OFF-AR-10004272,8.40,2.10
OFF-FA-10001754,8.096,3.4040
OFF-AR-10003477,8.04,2.7336
OFF-PA-10003919,7.968,2.6892
OFF-AR-10003986,7.7,3.157
OFF-EN-10001535,7.072,2.3868
OFF-PA-10000048,6.48,3.1104
OFF-LA-10003388,5.76,2.8224
OFF-AP-10002203,1.624,-4.466
